{"cameraMode":{"drawMode":0,"name":"Shaded","section":"Shading Mode"},"sceneLighting":false,"audioPlay":false,"sceneViewState":{"showFog":true,"showMaterialUpdate":true,"showSkybox":false,"showFlares":true,"showImageEffects":true,"showParticleSystems":true},"in2DMode":false,"pivot":{"x":-0.2604999840259552,"y":0.13230003416538239,"z":3.150724411010742},"rotation":{"x":0.11764037609100342,"y":-0.23884207010269166,"z":0.029163235798478128,"w":0.9634658098220825},"size":0.14429332315921784,"orthographic":true}