{"cameraMode":{"drawMode":0,"name":"Shaded","section":"Shading Mode"},"sceneLighting":false,"audioPlay":false,"sceneViewState":{"showFog":true,"showMaterialUpdate":true,"showSkybox":false,"showFlares":true,"showImageEffects":true,"showParticleSystems":true},"in2DMode":false,"pivot":{"x":-0.1419999897480011,"y":0.0191888976842165,"z":0.656000018119812},"rotation":{"x":0.12031592428684235,"y":0.7819534540176392,"z":-0.15932318568229676,"w":0.5905006527900696},"size":0.18218626081943513,"orthographic":true}