{"cameraMode":{"drawMode":0,"name":"Shaded","section":"Shading Mode"},"sceneLighting":false,"audioPlay":false,"sceneViewState":{"showFog":true,"showMaterialUpdate":true,"showSkybox":false,"showFlares":true,"showImageEffects":true,"showParticleSystems":true},"in2DMode":false,"pivot":{"x":-0.1420000046491623,"y":0.0191888976842165,"z":0.656000018119812},"rotation":{"x":0.16900032758712769,"y":0.6946688294410706,"z":-0.1733131855726242,"w":0.677376925945282},"size":0.13150490820407868,"orthographic":true}