{"cameraMode":{"drawMode":0,"name":"Shaded","section":"Shading Mode"},"sceneLighting":false,"audioPlay":false,"sceneViewState":{"showFog":true,"showMaterialUpdate":true,"showSkybox":false,"showFlares":true,"showImageEffects":true,"showParticleSystems":true},"in2DMode":false,"pivot":{"x":0.017186850309371949,"y":-0.33100003004074099,"z":5.763000011444092},"rotation":{"x":0.16295410692691804,"y":0.29962611198425295,"z":-0.052014343440532687,"w":0.9386029243469238},"size":0.5237933993339539,"orthographic":true}