{"cameraMode":{"drawMode":0,"name":"Shaded","section":"Shading Mode"},"sceneLighting":false,"audioPlay":false,"sceneViewState":{"showFog":true,"showMaterialUpdate":true,"showSkybox":false,"showFlares":true,"showImageEffects":true,"showParticleSystems":true},"in2DMode":false,"pivot":{"x":0.34356430172920229,"y":-0.1034914031624794,"z":4.780566692352295},"rotation":{"x":0.16295410692691804,"y":0.29962611198425295,"z":-0.052014343440532687,"w":0.9386029243469238},"size":0.37988075613975527,"orthographic":true}